school,school_id,school_url,conference,season,season_id,division
A&M-Corpus Christi,26172,http://stats.ncaa.org/team/26172/16361,Southland,2023,16361,1
Abilene Christian,2,http://stats.ncaa.org/team/2/16361,WAC,2023,16361,1
Akron,5,http://stats.ncaa.org/team/5/16361,MAC,2023,16361,1
Alabama,8,http://stats.ncaa.org/team/8/16361,SEC,2023,16361,1
Alabama A&M,6,http://stats.ncaa.org/team/6/16361,SWAC,2023,16361,1
Alabama St.,7,http://stats.ncaa.org/team/7/16361,SWAC,2023,16361,1
Alcorn,17,http://stats.ncaa.org/team/17/16361,SWAC,2023,16361,1
App State,27,http://stats.ncaa.org/team/27/16361,Sun Belt,2023,16361,1
Arizona,29,http://stats.ncaa.org/team/29/16361,Pac-12,2023,16361,1
Arizona St.,28,http://stats.ncaa.org/team/28/16361,Pac-12,2023,16361,1
Ark.-Pine Bluff,2678,http://stats.ncaa.org/team/2678/16361,SWAC,2023,16361,1
Arkansas,31,http://stats.ncaa.org/team/31/16361,SEC,2023,16361,1
Army West Point,725,http://stats.ncaa.org/team/725/16361,Patriot,2023,16361,1
Auburn,37,http://stats.ncaa.org/team/37/16361,SEC,2023,16361,1
Austin Peay,43,http://stats.ncaa.org/team/43/16361,ASUN,2023,16361,1
BYU,77,http://stats.ncaa.org/team/77/16361,WCC,2023,16361,1
Ball St.,47,http://stats.ncaa.org/team/47/16361,MAC,2023,16361,1
Baylor,51,http://stats.ncaa.org/team/51/16361,Big 12,2023,16361,1
Bellarmine,52,http://stats.ncaa.org/team/52/16361,ASUN,2023,16361,1
Belmont,14927,http://stats.ncaa.org/team/14927/16361,MVC,2023,16361,1
Bethune-Cookman,61,http://stats.ncaa.org/team/61/16361,SWAC,2023,16361,1
Binghamton,62,http://stats.ncaa.org/team/62/16361,America East,2023,16361,1
Boise St.,66,http://stats.ncaa.org/team/66/16361,Mountain West,2023,16361,1
Boston College,67,http://stats.ncaa.org/team/67/16361,ACC,2023,16361,1
Boston U.,68,http://stats.ncaa.org/team/68/16361,Patriot,2023,16361,1
Bowling Green,71,http://stats.ncaa.org/team/71/16361,MAC,2023,16361,1
Bradley,72,http://stats.ncaa.org/team/72/16361,MVC,2023,16361,1
Brown,80,http://stats.ncaa.org/team/80/16361,Ivy League,2023,16361,1
Bryant,81,http://stats.ncaa.org/team/81/16361,America East,2023,16361,1
Bucknell,83,http://stats.ncaa.org/team/83/16361,Patriot,2023,16361,1
Buffalo,86,http://stats.ncaa.org/team/86/16361,MAC,2023,16361,1
Butler,87,http://stats.ncaa.org/team/87/16361,Big East,2023,16361,1
CSU Bakersfield,94,http://stats.ncaa.org/team/94/16361,Big West,2023,16361,1
CSUN,101,http://stats.ncaa.org/team/101/16361,Big West,2023,16361,1
Cal Poly,90,http://stats.ncaa.org/team/90/16361,Big West,2023,16361,1
Cal St. Fullerton,97,http://stats.ncaa.org/team/97/16361,Big West,2023,16361,1
California,107,http://stats.ncaa.org/team/107/16361,Pac-12,2023,16361,1
California Baptist,30135,http://stats.ncaa.org/team/30135/16361,WAC,2023,16361,1
Campbell,115,http://stats.ncaa.org/team/115/16361,Big South,2023,16361,1
Canisius,116,http://stats.ncaa.org/team/116/16361,MAAC,2023,16361,1
Central Ark.,1004,http://stats.ncaa.org/team/1004/16361,ASUN,2023,16361,1
Central Conn. St.,127,http://stats.ncaa.org/team/127/16361,NEC,2023,16361,1
Central Mich.,129,http://stats.ncaa.org/team/129/16361,MAC,2023,16361,1
Charleston So.,48,http://stats.ncaa.org/team/48/16361,Big South,2023,16361,1
Charlotte,458,http://stats.ncaa.org/team/458/16361,C-USA,2023,16361,1
Chattanooga,693,http://stats.ncaa.org/team/693/16361,SoCon,2023,16361,1
Clemson,147,http://stats.ncaa.org/team/147/16361,ACC,2023,16361,1
Cleveland St.,148,http://stats.ncaa.org/team/148/16361,Horizon,2023,16361,1
Coastal Carolina,149,http://stats.ncaa.org/team/149/16361,Sun Belt,2023,16361,1
Col. of Charleston,1014,http://stats.ncaa.org/team/1014/16361,CAA,2023,16361,1
Colgate,153,http://stats.ncaa.org/team/153/16361,Patriot,2023,16361,1
Colorado St.,156,http://stats.ncaa.org/team/156/16361,Mountain West,2023,16361,1
Columbia,158,http://stats.ncaa.org/team/158/16361,Ivy League,2023,16361,1
Coppin St.,165,http://stats.ncaa.org/team/165/16361,MEAC,2023,16361,1
Cornell,167,http://stats.ncaa.org/team/167/16361,Ivy League,2023,16361,1
Creighton,169,http://stats.ncaa.org/team/169/16361,Big East,2023,16361,1
Dartmouth,172,http://stats.ncaa.org/team/172/16361,Ivy League,2023,16361,1
Dayton,175,http://stats.ncaa.org/team/175/16361,Atlantic 10,2023,16361,1
DePaul,176,http://stats.ncaa.org/team/176/16361,Big East,2023,16361,1
Delaware,180,http://stats.ncaa.org/team/180/16361,CAA,2023,16361,1
Delaware St.,178,http://stats.ncaa.org/team/178/16361,MEAC,2023,16361,1
Detroit Mercy,184,http://stats.ncaa.org/team/184/16361,Horizon,2023,16361,1
Drake,189,http://stats.ncaa.org/team/189/16361,MVC,2023,16361,1
Drexel,191,http://stats.ncaa.org/team/191/16361,CAA,2023,16361,1
Duke,193,http://stats.ncaa.org/team/193/16361,ACC,2023,16361,1
ETSU,198,http://stats.ncaa.org/team/198/16361,SoCon,2023,16361,1
East Carolina,196,http://stats.ncaa.org/team/196/16361,AAC,2023,16361,1
Eastern Ill.,201,http://stats.ncaa.org/team/201/16361,OVC,2023,16361,1
Eastern Ky.,202,http://stats.ncaa.org/team/202/16361,ASUN,2023,16361,1
Elon,1068,http://stats.ncaa.org/team/1068/16361,CAA,2023,16361,1
Evansville,219,http://stats.ncaa.org/team/219/16361,MVC,2023,16361,1
FDU,222,http://stats.ncaa.org/team/222/16361,NEC,2023,16361,1
FGCU,28755,http://stats.ncaa.org/team/28755/16361,ASUN,2023,16361,1
FIU,231,http://stats.ncaa.org/team/231/16361,C-USA,2023,16361,1
Fairfield,220,http://stats.ncaa.org/team/220/16361,MAAC,2023,16361,1
Fla. Atlantic,229,http://stats.ncaa.org/team/229/16361,C-USA,2023,16361,1
Florida,235,http://stats.ncaa.org/team/235/16361,SEC,2023,16361,1
Florida A&M,228,http://stats.ncaa.org/team/228/16361,SWAC,2023,16361,1
Florida St.,234,http://stats.ncaa.org/team/234/16361,ACC,2023,16361,1
Fordham,236,http://stats.ncaa.org/team/236/16361,Atlantic 10,2023,16361,1
Fresno St.,96,http://stats.ncaa.org/team/96/16361,Mountain West,2023,16361,1
Furman,244,http://stats.ncaa.org/team/244/16361,SoCon,2023,16361,1
Ga. Southern,253,http://stats.ncaa.org/team/253/16361,Sun Belt,2023,16361,1
Gardner-Webb,1092,http://stats.ncaa.org/team/1092/16361,Big South,2023,16361,1
George Mason,248,http://stats.ncaa.org/team/248/16361,Atlantic 10,2023,16361,1
George Washington,249,http://stats.ncaa.org/team/249/16361,Atlantic 10,2023,16361,1
Georgetown,251,http://stats.ncaa.org/team/251/16361,Big East,2023,16361,1
Georgia,257,http://stats.ncaa.org/team/257/16361,SEC,2023,16361,1
Georgia St.,254,http://stats.ncaa.org/team/254/16361,Sun Belt,2023,16361,1
Georgia Tech,255,http://stats.ncaa.org/team/255/16361,ACC,2023,16361,1
Grambling,261,http://stats.ncaa.org/team/261/16361,SWAC,2023,16361,1
Grand Canyon,1104,http://stats.ncaa.org/team/1104/16361,WAC,2023,16361,1
Green Bay,794,http://stats.ncaa.org/team/794/16361,Horizon,2023,16361,1
Hampton,270,http://stats.ncaa.org/team/270/16361,CAA,2023,16361,1
Hartford,272,http://stats.ncaa.org/team/272/16361,DI Independent,2023,16361,1
Harvard,275,http://stats.ncaa.org/team/275/16361,Ivy League,2023,16361,1
Hawaii,277,http://stats.ncaa.org/team/277/16361,Big West,2023,16361,1
Hofstra,283,http://stats.ncaa.org/team/283/16361,CAA,2023,16361,1
Holy Cross,285,http://stats.ncaa.org/team/285/16361,Patriot,2023,16361,1
Houston,288,http://stats.ncaa.org/team/288/16361,AAC,2023,16361,1
Houston Christian,287,http://stats.ncaa.org/team/287/16361,Southland,2023,16361,1
Howard,290,http://stats.ncaa.org/team/290/16361,MEAC,2023,16361,1
IUPUI,2699,http://stats.ncaa.org/team/2699/16361,Horizon,2023,16361,1
Idaho St.,294,http://stats.ncaa.org/team/294/16361,Big Sky,2023,16361,1
Illinois,301,http://stats.ncaa.org/team/301/16361,Big Ten,2023,16361,1
Illinois St.,299,http://stats.ncaa.org/team/299/16361,MVC,2023,16361,1
Indiana,306,http://stats.ncaa.org/team/306/16361,Big Ten,2023,16361,1
Indiana St.,305,http://stats.ncaa.org/team/305/16361,MVC,2023,16361,1
Iona,310,http://stats.ncaa.org/team/310/16361,MAAC,2023,16361,1
Iowa,312,http://stats.ncaa.org/team/312/16361,Big Ten,2023,16361,1
Iowa St.,311,http://stats.ncaa.org/team/311/16361,Big 12,2023,16361,1
Jackson St.,314,http://stats.ncaa.org/team/314/16361,SWAC,2023,16361,1
Jacksonville,316,http://stats.ncaa.org/team/316/16361,ASUN,2023,16361,1
Jacksonville St.,315,http://stats.ncaa.org/team/315/16361,ASUN,2023,16361,1
James Madison,317,http://stats.ncaa.org/team/317/16361,Sun Belt,2023,16361,1
Kansas,328,http://stats.ncaa.org/team/328/16361,Big 12,2023,16361,1
Kansas City,2707,http://stats.ncaa.org/team/2707/16361,Summit League,2023,16361,1
Kennesaw St.,1157,http://stats.ncaa.org/team/1157/16361,ASUN,2023,16361,1
Kent St.,331,http://stats.ncaa.org/team/331/16361,MAC,2023,16361,1
Kentucky,334,http://stats.ncaa.org/team/334/16361,SEC,2023,16361,1
LIU,361,http://stats.ncaa.org/team/361/16361,NEC,2023,16361,1
LMU (CA),370,http://stats.ncaa.org/team/370/16361,WCC,2023,16361,1
LSU,365,http://stats.ncaa.org/team/365/16361,SEC,2023,16361,1
Lafayette,342,http://stats.ncaa.org/team/342/16361,Patriot,2023,16361,1
Lamar University,346,http://stats.ncaa.org/team/346/16361,Southland,2023,16361,1
Lehigh,352,http://stats.ncaa.org/team/352/16361,Patriot,2023,16361,1
Liberty,355,http://stats.ncaa.org/team/355/16361,ASUN,2023,16361,1
Lindenwood,30136,http://stats.ncaa.org/team/30136/16361,OVC,2023,16361,1
Lipscomb,28600,http://stats.ncaa.org/team/28600/16361,ASUN,2023,16361,1
Long Beach St.,99,http://stats.ncaa.org/team/99/16361,Big West,2023,16361,1
Longwood,363,http://stats.ncaa.org/team/363/16361,Big South,2023,16361,1
Louisiana,671,http://stats.ncaa.org/team/671/16361,Sun Belt,2023,16361,1
Louisiana Tech,366,http://stats.ncaa.org/team/366/16361,C-USA,2023,16361,1
Louisville,367,http://stats.ncaa.org/team/367/16361,ACC,2023,16361,1
Loyola Chicago,371,http://stats.ncaa.org/team/371/16361,Atlantic 10,2023,16361,1
Maine,380,http://stats.ncaa.org/team/380/16361,America East,2023,16361,1
Manhattan,381,http://stats.ncaa.org/team/381/16361,MAAC,2023,16361,1
Marist,386,http://stats.ncaa.org/team/386/16361,MAAC,2023,16361,1
Marshall,388,http://stats.ncaa.org/team/388/16361,Sun Belt,2023,16361,1
Maryland,392,http://stats.ncaa.org/team/392/16361,Big Ten,2023,16361,1
Massachusetts,400,http://stats.ncaa.org/team/400/16361,Atlantic 10,2023,16361,1
McNeese,402,http://stats.ncaa.org/team/402/16361,Southland,2023,16361,1
Memphis,404,http://stats.ncaa.org/team/404/16361,AAC,2023,16361,1
Mercer,406,http://stats.ncaa.org/team/406/16361,SoCon,2023,16361,1
Merrimack,410,http://stats.ncaa.org/team/410/16361,NEC,2023,16361,1
Miami (OH),414,http://stats.ncaa.org/team/414/16361,MAC,2023,16361,1
Michigan,418,http://stats.ncaa.org/team/418/16361,Big Ten,2023,16361,1
Michigan St.,416,http://stats.ncaa.org/team/416/16361,Big Ten,2023,16361,1
Middle Tenn.,419,http://stats.ncaa.org/team/419/16361,C-USA,2023,16361,1
Minnesota,428,http://stats.ncaa.org/team/428/16361,Big Ten,2023,16361,1
Mississippi St.,430,http://stats.ncaa.org/team/430/16361,SEC,2023,16361,1
Mississippi Val.,432,http://stats.ncaa.org/team/432/16361,SWAC,2023,16361,1
Missouri,434,http://stats.ncaa.org/team/434/16361,SEC,2023,16361,1
Missouri St.,669,http://stats.ncaa.org/team/669/16361,MVC,2023,16361,1
Monmouth,439,http://stats.ncaa.org/team/439/16361,CAA,2023,16361,1
Montana,441,http://stats.ncaa.org/team/441/16361,Big Sky,2023,16361,1
Morehead St.,444,http://stats.ncaa.org/team/444/16361,OVC,2023,16361,1
Morgan St.,446,http://stats.ncaa.org/team/446/16361,MEAC,2023,16361,1
Mount St. Mary's,450,http://stats.ncaa.org/team/450/16361,MAAC,2023,16361,1
Murray St.,454,http://stats.ncaa.org/team/454/16361,MVC,2023,16361,1
N.C. A&T,488,http://stats.ncaa.org/team/488/16361,CAA,2023,16361,1
N.C. Central,489,http://stats.ncaa.org/team/489/16361,MEAC,2023,16361,1
NC State,490,http://stats.ncaa.org/team/490/16361,ACC,2023,16361,1
NIU,503,http://stats.ncaa.org/team/503/16361,MAC,2023,16361,1
Nebraska,463,http://stats.ncaa.org/team/463/16361,Big Ten,2023,16361,1
Nevada,466,http://stats.ncaa.org/team/466/16361,Mountain West,2023,16361,1
New Mexico,473,http://stats.ncaa.org/team/473/16361,Mountain West,2023,16361,1
New Mexico St.,472,http://stats.ncaa.org/team/472/16361,WAC,2023,16361,1
Niagara,482,http://stats.ncaa.org/team/482/16361,MAAC,2023,16361,1
Nicholls,483,http://stats.ncaa.org/team/483/16361,Southland,2023,16361,1
Norfolk St.,485,http://stats.ncaa.org/team/485/16361,MEAC,2023,16361,1
North Ala.,487,http://stats.ncaa.org/team/487/16361,ASUN,2023,16361,1
North Carolina,457,http://stats.ncaa.org/team/457/16361,ACC,2023,16361,1
North Dakota,494,http://stats.ncaa.org/team/494/16361,Summit League,2023,16361,1
North Dakota St.,493,http://stats.ncaa.org/team/493/16361,Summit League,2023,16361,1
North Florida,2711,http://stats.ncaa.org/team/2711/16361,ASUN,2023,16361,1
North Texas,497,http://stats.ncaa.org/team/497/16361,C-USA,2023,16361,1
Northern Colo.,502,http://stats.ncaa.org/team/502/16361,Big Sky,2023,16361,1
Northern Ky.,505,http://stats.ncaa.org/team/505/16361,Horizon,2023,16361,1
Northwestern,509,http://stats.ncaa.org/team/509/16361,Big Ten,2023,16361,1
Northwestern St.,508,http://stats.ncaa.org/team/508/16361,Southland,2023,16361,1
Notre Dame,513,http://stats.ncaa.org/team/513/16361,ACC,2023,16361,1
Oakland,514,http://stats.ncaa.org/team/514/16361,Horizon,2023,16361,1
Ohio,519,http://stats.ncaa.org/team/519/16361,MAC,2023,16361,1
Ohio St.,518,http://stats.ncaa.org/team/518/16361,Big Ten,2023,16361,1
Oklahoma,522,http://stats.ncaa.org/team/522/16361,Big 12,2023,16361,1
Oklahoma St.,521,http://stats.ncaa.org/team/521/16361,Big 12,2023,16361,1
Ole Miss,433,http://stats.ncaa.org/team/433/16361,SEC,2023,16361,1
Omaha,464,http://stats.ncaa.org/team/464/16361,Summit League,2023,16361,1
Oregon,529,http://stats.ncaa.org/team/529/16361,Pac-12,2023,16361,1
Oregon St.,528,http://stats.ncaa.org/team/528/16361,Pac-12,2023,16361,1
Pacific,534,http://stats.ncaa.org/team/534/16361,WCC,2023,16361,1
Penn,540,http://stats.ncaa.org/team/540/16361,Ivy League,2023,16361,1
Penn St.,539,http://stats.ncaa.org/team/539/16361,Big Ten,2023,16361,1
Pittsburgh,545,http://stats.ncaa.org/team/545/16361,ACC,2023,16361,1
Portland St.,550,http://stats.ncaa.org/team/550/16361,Big Sky,2023,16361,1
Prairie View,553,http://stats.ncaa.org/team/553/16361,SWAC,2023,16361,1
Presbyterian,1320,http://stats.ncaa.org/team/1320/16361,Big South,2023,16361,1
Princeton,554,http://stats.ncaa.org/team/554/16361,Ivy League,2023,16361,1
Providence,556,http://stats.ncaa.org/team/556/16361,Big East,2023,16361,1
Purdue,559,http://stats.ncaa.org/team/559/16361,Big Ten,2023,16361,1
Purdue Fort Wayne,308,http://stats.ncaa.org/team/308/16361,Horizon,2023,16361,1
Queens (NC),11504,http://stats.ncaa.org/team/11504/16361,ASUN,2023,16361,1
Quinnipiac,562,http://stats.ncaa.org/team/562/16361,MAAC,2023,16361,1
Radford,563,http://stats.ncaa.org/team/563/16361,Big South,2023,16361,1
Rhode Island,572,http://stats.ncaa.org/team/572/16361,Atlantic 10,2023,16361,1
Rider,576,http://stats.ncaa.org/team/576/16361,MAAC,2023,16361,1
Robert Morris,579,http://stats.ncaa.org/team/579/16361,Horizon,2023,16361,1
Rutgers,587,http://stats.ncaa.org/team/587/16361,Big Ten,2023,16361,1
SFA,676,http://stats.ncaa.org/team/676/16361,WAC,2023,16361,1
SIUE,660,http://stats.ncaa.org/team/660/16361,OVC,2023,16361,1
Sacramento St.,102,http://stats.ncaa.org/team/102/16361,Big Sky,2023,16361,1
Sacred Heart,590,http://stats.ncaa.org/team/590/16361,NEC,2023,16361,1
Saint Francis (PA),600,http://stats.ncaa.org/team/600/16361,NEC,2023,16361,1
Saint Joseph's,606,http://stats.ncaa.org/team/606/16361,Atlantic 10,2023,16361,1
Saint Louis,609,http://stats.ncaa.org/team/609/16361,Atlantic 10,2023,16361,1
Saint Mary's (CA),610,http://stats.ncaa.org/team/610/16361,WCC,2023,16361,1
Saint Peter's,617,http://stats.ncaa.org/team/617/16361,MAAC,2023,16361,1
Sam Houston,624,http://stats.ncaa.org/team/624/16361,WAC,2023,16361,1
Samford,625,http://stats.ncaa.org/team/625/16361,SoCon,2023,16361,1
San Diego,627,http://stats.ncaa.org/team/627/16361,WCC,2023,16361,1
San Diego St.,626,http://stats.ncaa.org/team/626/16361,Mountain West,2023,16361,1
San Jose St.,630,http://stats.ncaa.org/team/630/16361,Mountain West,2023,16361,1
Santa Clara,631,http://stats.ncaa.org/team/631/16361,WCC,2023,16361,1
Seattle U,1356,http://stats.ncaa.org/team/1356/16361,WAC,2023,16361,1
Seton Hall,635,http://stats.ncaa.org/team/635/16361,Big East,2023,16361,1
Siena,639,http://stats.ncaa.org/team/639/16361,MAAC,2023,16361,1
South Alabama,646,http://stats.ncaa.org/team/646/16361,Sun Belt,2023,16361,1
South Carolina,648,http://stats.ncaa.org/team/648/16361,SEC,2023,16361,1
South Carolina St.,647,http://stats.ncaa.org/team/647/16361,MEAC,2023,16361,1
South Dakota,650,http://stats.ncaa.org/team/650/16361,Summit League,2023,16361,1
South Dakota St.,649,http://stats.ncaa.org/team/649/16361,Summit League,2023,16361,1
South Fla.,651,http://stats.ncaa.org/team/651/16361,AAC,2023,16361,1
Southeast Mo. St.,654,http://stats.ncaa.org/team/654/16361,OVC,2023,16361,1
Southeastern La.,655,http://stats.ncaa.org/team/655/16361,Southland,2023,16361,1
Southern Ill.,659,http://stats.ncaa.org/team/659/16361,MVC,2023,16361,1
Southern Ind.,661,http://stats.ncaa.org/team/661/16361,OVC,2023,16361,1
Southern Miss.,664,http://stats.ncaa.org/team/664/16361,Sun Belt,2023,16361,1
Southern U.,665,http://stats.ncaa.org/team/665/16361,SWAC,2023,16361,1
Southern Utah,667,http://stats.ncaa.org/team/667/16361,WAC,2023,16361,1
St. Bonaventure,596,http://stats.ncaa.org/team/596/16361,Atlantic 10,2023,16361,1
St. John's (NY),603,http://stats.ncaa.org/team/603/16361,Big East,2023,16361,1
St. Thomas (MN),620,http://stats.ncaa.org/team/620/16361,Summit League,2023,16361,1
Stanford,674,http://stats.ncaa.org/team/674/16361,Pac-12,2023,16361,1
Stetson,678,http://stats.ncaa.org/team/678/16361,ASUN,2023,16361,1
Stonehill,682,http://stats.ncaa.org/team/682/16361,NEC,2023,16361,1
Stony Brook,683,http://stats.ncaa.org/team/683/16361,CAA,2023,16361,1
Syracuse,688,http://stats.ncaa.org/team/688/16361,ACC,2023,16361,1
Tarleton St.,1395,http://stats.ncaa.org/team/1395/16361,WAC,2023,16361,1
Tennessee,694,http://stats.ncaa.org/team/694/16361,SEC,2023,16361,1
Tennessee St.,691,http://stats.ncaa.org/team/691/16361,OVC,2023,16361,1
Tennessee Tech,692,http://stats.ncaa.org/team/692/16361,OVC,2023,16361,1
Tex. A&M-Commerce,199,http://stats.ncaa.org/team/199/16361,Southland,2023,16361,1
Texas,703,http://stats.ncaa.org/team/703/16361,Big 12,2023,16361,1
Texas A&M,697,http://stats.ncaa.org/team/697/16361,SEC,2023,16361,1
Texas Southern,699,http://stats.ncaa.org/team/699/16361,SWAC,2023,16361,1
Texas St.,670,http://stats.ncaa.org/team/670/16361,Sun Belt,2023,16361,1
Texas Tech,700,http://stats.ncaa.org/team/700/16361,Big 12,2023,16361,1
Toledo,709,http://stats.ncaa.org/team/709/16361,MAC,2023,16361,1
Towson,711,http://stats.ncaa.org/team/711/16361,CAA,2023,16361,1
Troy,716,http://stats.ncaa.org/team/716/16361,Sun Belt,2023,16361,1
Tulsa,719,http://stats.ncaa.org/team/719/16361,AAC,2023,16361,1
UAB,9,http://stats.ncaa.org/team/9/16361,C-USA,2023,16361,1
UAlbany,14,http://stats.ncaa.org/team/14/16361,America East,2023,16361,1
UC Davis,108,http://stats.ncaa.org/team/108/16361,Big West,2023,16361,1
UC Riverside,111,http://stats.ncaa.org/team/111/16361,Big West,2023,16361,1
UC San Diego,112,http://stats.ncaa.org/team/112/16361,Big West,2023,16361,1
UC Santa Barbara,104,http://stats.ncaa.org/team/104/16361,Big West,2023,16361,1
UCF,128,http://stats.ncaa.org/team/128/16361,AAC,2023,16361,1
UCLA,110,http://stats.ncaa.org/team/110/16361,Pac-12,2023,16361,1
UConn,164,http://stats.ncaa.org/team/164/16361,Big East,2023,16361,1
UIC,302,http://stats.ncaa.org/team/302/16361,MVC,2023,16361,1
UIW,2743,http://stats.ncaa.org/team/2743/16361,WAC,2023,16361,1
ULM,498,http://stats.ncaa.org/team/498/16361,Sun Belt,2023,16361,1
UMBC,391,http://stats.ncaa.org/team/391/16361,America East,2023,16361,1
UMES,393,http://stats.ncaa.org/team/393/16361,MEAC,2023,16361,1
UMass Lowell,368,http://stats.ncaa.org/team/368/16361,America East,2023,16361,1
UNC Greensboro,459,http://stats.ncaa.org/team/459/16361,SoCon,2023,16361,1
UNCW,460,http://stats.ncaa.org/team/460/16361,CAA,2023,16361,1
UNI,504,http://stats.ncaa.org/team/504/16361,MVC,2023,16361,1
UNLV,465,http://stats.ncaa.org/team/465/16361,Mountain West,2023,16361,1
USC Upstate,10411,http://stats.ncaa.org/team/10411/16361,Big South,2023,16361,1
UT Arlington,702,http://stats.ncaa.org/team/702/16361,WAC,2023,16361,1
UT Martin,695,http://stats.ncaa.org/team/695/16361,OVC,2023,16361,1
UTEP,704,http://stats.ncaa.org/team/704/16361,C-USA,2023,16361,1
UTSA,706,http://stats.ncaa.org/team/706/16361,C-USA,2023,16361,1
Utah,732,http://stats.ncaa.org/team/732/16361,Pac-12,2023,16361,1
Utah St.,731,http://stats.ncaa.org/team/731/16361,Mountain West,2023,16361,1
Utah Tech,30095,http://stats.ncaa.org/team/30095/16361,WAC,2023,16361,1
Utah Valley,30024,http://stats.ncaa.org/team/30024/16361,WAC,2023,16361,1
Valparaiso,735,http://stats.ncaa.org/team/735/16361,MVC,2023,16361,1
Villanova,739,http://stats.ncaa.org/team/739/16361,Big East,2023,16361,1
Virginia,746,http://stats.ncaa.org/team/746/16361,ACC,2023,16361,1
Virginia Tech,742,http://stats.ncaa.org/team/742/16361,ACC,2023,16361,1
Wagner,748,http://stats.ncaa.org/team/748/16361,NEC,2023,16361,1
Washington,756,http://stats.ncaa.org/team/756/16361,Pac-12,2023,16361,1
Weber St.,758,http://stats.ncaa.org/team/758/16361,Big Sky,2023,16361,1
Western Caro.,769,http://stats.ncaa.org/team/769/16361,SoCon,2023,16361,1
Western Ill.,771,http://stats.ncaa.org/team/771/16361,Summit League,2023,16361,1
Western Ky.,772,http://stats.ncaa.org/team/772/16361,C-USA,2023,16361,1
Western Mich.,774,http://stats.ncaa.org/team/774/16361,MAC,2023,16361,1
Wichita St.,782,http://stats.ncaa.org/team/782/16361,AAC,2023,16361,1
Winthrop,792,http://stats.ncaa.org/team/792/16361,Big South,2023,16361,1
Wisconsin,796,http://stats.ncaa.org/team/796/16361,Big Ten,2023,16361,1
Yale,813,http://stats.ncaa.org/team/813/16361,Ivy League,2023,16361,1
Youngstown St.,817,http://stats.ncaa.org/team/817/16361,Horizon,2023,16361,1
AUM,30093,http://stats.ncaa.org/team/30093/16361,Gulf South,2023,16361,2
Academy of Art,30123,http://stats.ncaa.org/team/30123/16361,PacWest,2023,16361,2
Adams St.,929,http://stats.ncaa.org/team/929/16361,RMAC,2023,16361,2
Adelphi,3,http://stats.ncaa.org/team/3/16361,NE10,2023,16361,2
Alabama Huntsville,10,http://stats.ncaa.org/team/10/16361,Gulf South,2023,16361,2
Albany St. (GA),13,http://stats.ncaa.org/team/13/16361,SIAC,2023,16361,2
Alderson Broaddus,934,http://stats.ncaa.org/team/934/16361,MEC,2023,16361,2
Allen,30240,http://stats.ncaa.org/team/30240/16361,SIAC,2023,16361,2
Alliance,1277,http://stats.ncaa.org/team/1277/16361,CACC,2023,16361,2
American Int'l,22,http://stats.ncaa.org/team/22/16361,NE10,2023,16361,2
Anderson (SC),13028,http://stats.ncaa.org/team/13028/16361,SAC,2023,16361,2
Angelo St.,25,http://stats.ncaa.org/team/25/16361,Lone Star,2023,16361,2
Ark.-Monticello,8411,http://stats.ncaa.org/team/8411/16361,GAC,2023,16361,2
Arkansas Tech,947,http://stats.ncaa.org/team/947/16361,GAC,2023,16361,2
Ashland,35,http://stats.ncaa.org/team/35/16361,G-MAC,2023,16361,2
Assumption,36,http://stats.ncaa.org/team/36/16361,NE10,2023,16361,2
Augusta,39,http://stats.ncaa.org/team/39/16361,Peach Belt,2023,16361,2
Augustana (SD),41,http://stats.ncaa.org/team/41/16361,NSIC,2023,16361,2
Azusa Pacific,30146,http://stats.ncaa.org/team/30146/16361,PacWest,2023,16361,2
Barry,49,http://stats.ncaa.org/team/49/16361,Sunshine State,2023,16361,2
Barton,15646,http://stats.ncaa.org/team/15646/16361,Conference Carolinas,2023,16361,2
Belmont Abbey,2683,http://stats.ncaa.org/team/2683/16361,Conference Carolinas,2023,16361,2
Bemidji St.,54,http://stats.ncaa.org/team/54/16361,NSIC,2023,16361,2
Benedict,55,http://stats.ncaa.org/team/55/16361,SIAC,2023,16361,2
Bentley,56,http://stats.ncaa.org/team/56/16361,NE10,2023,16361,2
Biola,30220,http://stats.ncaa.org/team/30220/16361,PacWest,2023,16361,2
Black Hills St.,30134,http://stats.ncaa.org/team/30134/16361,RMAC,2023,16361,2
Bloomfield,984,http://stats.ncaa.org/team/984/16361,CACC,2023,16361,2
Bloomsburg,65,http://stats.ncaa.org/team/65/16361,PSAC,2023,16361,2
Bluefield St.,985,http://stats.ncaa.org/team/985/16361,DII Independent,2023,16361,2
Bowie St.,70,http://stats.ncaa.org/team/70/16361,CIAA,2023,16361,2
Bridgeport,74,http://stats.ncaa.org/team/74/16361,CACC,2023,16361,2
CSU Pueblo,2720,http://stats.ncaa.org/team/2720/16361,RMAC,2023,16361,2
CUI,30199,http://stats.ncaa.org/team/30199/16361,PacWest,2023,16361,2
Cal Poly Humboldt,291,http://stats.ncaa.org/team/291/16361,CCAA,2023,16361,2
Cal St. Dom. Hills,92,http://stats.ncaa.org/team/92/16361,CCAA,2023,16361,2
Cal St. East Bay,98,http://stats.ncaa.org/team/98/16361,CCAA,2023,16361,2
Cal St. Monterey Bay,30055,http://stats.ncaa.org/team/30055/16361,CCAA,2023,16361,2
Cal St. San B'dino,93,http://stats.ncaa.org/team/93/16361,CCAA,2023,16361,2
Cal St. San Marcos,30198,http://stats.ncaa.org/team/30198/16361,CCAA,2023,16361,2
Caldwell,995,http://stats.ncaa.org/team/995/16361,CACC,2023,16361,2
California (PA),106,http://stats.ncaa.org/team/106/16361,PSAC,2023,16361,2
Cameron,996,http://stats.ncaa.org/team/996/16361,Lone Star,2023,16361,2
Carson-Newman,1000,http://stats.ncaa.org/team/1000/16361,SAC,2023,16361,2
Catawba,1001,http://stats.ncaa.org/team/1001/16361,SAC,2023,16361,2
Cedarville,30124,http://stats.ncaa.org/team/30124/16361,G-MAC,2023,16361,2
Central Mo.,130,http://stats.ncaa.org/team/130/16361,Mid-America Intercollegiate,2023,16361,2
Central Okla.,1009,http://stats.ncaa.org/team/1009/16361,Mid-America Intercollegiate,2023,16361,2
Central Wash.,1010,http://stats.ncaa.org/team/1010/16361,Great Northwest,2023,16361,2
Chadron St.,1012,http://stats.ncaa.org/team/1012/16361,RMAC,2023,16361,2
Chaminade,133,http://stats.ncaa.org/team/133/16361,PacWest,2023,16361,2
Charleston (WV),1013,http://stats.ncaa.org/team/1013/16361,MEC,2023,16361,2
Chestnut Hill,21323,http://stats.ncaa.org/team/21323/16361,CACC,2023,16361,2
Chico St.,95,http://stats.ncaa.org/team/95/16361,CCAA,2023,16361,2
Chowan,8875,http://stats.ncaa.org/team/8875/16361,Conference Carolinas,2023,16361,2
Christian Brothers,1015,http://stats.ncaa.org/team/1015/16361,Gulf South,2023,16361,2
Claflin,30058,http://stats.ncaa.org/team/30058/16361,CIAA,2023,16361,2
Clarion,143,http://stats.ncaa.org/team/143/16361,PSAC,2023,16361,2
Clark Atlanta,144,http://stats.ncaa.org/team/144/16361,SIAC,2023,16361,2
Coker,1023,http://stats.ncaa.org/team/1023/16361,SAC,2023,16361,2
Colo. Christian,11403,http://stats.ncaa.org/team/11403/16361,RMAC,2023,16361,2
Colo. Sch. of Mines,155,http://stats.ncaa.org/team/155/16361,RMAC,2023,16361,2
Colorado Mesa,11416,http://stats.ncaa.org/team/11416/16361,RMAC,2023,16361,2
Columbus St.,159,http://stats.ncaa.org/team/159/16361,Peach Belt,2023,16361,2
Concord,1028,http://stats.ncaa.org/team/1028/16361,MEC,2023,16361,2
Concordia-St. Paul,9081,http://stats.ncaa.org/team/9081/16361,NSIC,2023,16361,2
Converse,8935,http://stats.ncaa.org/team/8935/16361,Conference Carolinas,2023,16361,2
D'Youville,1059,http://stats.ncaa.org/team/1059/16361,ECC,2023,16361,2
Davenport,30221,http://stats.ncaa.org/team/30221/16361,GLIAC,2023,16361,2
Davis & Elkins,174,http://stats.ncaa.org/team/174/16361,MEC,2023,16361,2
Delta St.,181,http://stats.ncaa.org/team/181/16361,Gulf South,2023,16361,2
Dominican (CA),30118,http://stats.ncaa.org/team/30118/16361,PacWest,2023,16361,2
Dominican (NY),8956,http://stats.ncaa.org/team/8956/16361,CACC,2023,16361,2
Drury,1057,http://stats.ncaa.org/team/1057/16361,GLVC,2023,16361,2
East Central,8965,http://stats.ncaa.org/team/8965/16361,GAC,2023,16361,2
East Stroudsburg,197,http://stats.ncaa.org/team/197/16361,PSAC,2023,16361,2
Eastern N.M.,206,http://stats.ncaa.org/team/206/16361,Lone Star,2023,16361,2
Eckerd,208,http://stats.ncaa.org/team/208/16361,Sunshine State,2023,16361,2
Edinboro,209,http://stats.ncaa.org/team/209/16361,PSAC,2023,16361,2
Edward Waters,30244,http://stats.ncaa.org/team/30244/16361,SIAC,2023,16361,2
Elizabeth City St.,210,http://stats.ncaa.org/team/210/16361,CIAA,2023,16361,2
Embry-Riddle (FL),9680,http://stats.ncaa.org/team/9680/16361,Sunshine State,2023,16361,2
Emmanuel (GA),30193,http://stats.ncaa.org/team/30193/16361,Conference Carolinas,2023,16361,2
Emory & Henry,216,http://stats.ncaa.org/team/216/16361,SAC,2023,16361,2
Emporia St.,1071,http://stats.ncaa.org/team/1071/16361,Mid-America Intercollegiate,2023,16361,2
Erskine,1072,http://stats.ncaa.org/team/1072/16361,Conference Carolinas,2023,16361,2
Fairmont St.,1076,http://stats.ncaa.org/team/1076/16361,MEC,2023,16361,2
Fayetteville St.,223,http://stats.ncaa.org/team/223/16361,CIAA,2023,16361,2
Felician,23157,http://stats.ncaa.org/team/23157/16361,CACC,2023,16361,2
Ferris St.,224,http://stats.ncaa.org/team/224/16361,GLIAC,2023,16361,2
Findlay,1079,http://stats.ncaa.org/team/1079/16361,G-MAC,2023,16361,2
Fla. Southern,233,http://stats.ncaa.org/team/233/16361,Sunshine State,2023,16361,2
Flagler,30092,http://stats.ncaa.org/team/30092/16361,Peach Belt,2023,16361,2
Florida Tech,230,http://stats.ncaa.org/team/230/16361,Sunshine State,2023,16361,2
Fort Hays St.,9011,http://stats.ncaa.org/team/9011/16361,Mid-America Intercollegiate,2023,16361,2
Fort Lewis,1083,http://stats.ncaa.org/team/1083/16361,RMAC,2023,16361,2
Fort Valley St.,237,http://stats.ncaa.org/team/237/16361,SIAC,2023,16361,2
Francis Marion,1085,http://stats.ncaa.org/team/1085/16361,Conference Carolinas,2023,16361,2
Franklin Pierce,241,http://stats.ncaa.org/team/241/16361,NE10,2023,16361,2
Frostburg St.,243,http://stats.ncaa.org/team/243/16361,MEC,2023,16361,2
Ga. Southwestern,1097,http://stats.ncaa.org/team/1097/16361,Peach Belt,2023,16361,2
Gannon,246,http://stats.ncaa.org/team/246/16361,PSAC,2023,16361,2
Georgia College,1096,http://stats.ncaa.org/team/1096/16361,Peach Belt,2023,16361,2
Georgian Court,9004,http://stats.ncaa.org/team/9004/16361,CACC,2023,16361,2
Glenville St.,1098,http://stats.ncaa.org/team/1098/16361,MEC,2023,16361,2
Goldey-Beacom,8366,http://stats.ncaa.org/team/8366/16361,CACC,2023,16361,2
Grand Valley St.,262,http://stats.ncaa.org/team/262/16361,GLIAC,2023,16361,2
Harding,1116,http://stats.ncaa.org/team/1116/16361,GAC,2023,16361,2
Hawaii Hilo,2697,http://stats.ncaa.org/team/2697/16361,PacWest,2023,16361,2
Hawaii Pacific,2696,http://stats.ncaa.org/team/2696/16361,PacWest,2023,16361,2
Henderson St.,1123,http://stats.ncaa.org/team/1123/16361,GAC,2023,16361,2
Hillsdale,280,http://stats.ncaa.org/team/280/16361,G-MAC,2023,16361,2
Holy Family,1126,http://stats.ncaa.org/team/1126/16361,CACC,2023,16361,2
Holy Names,30175,http://stats.ncaa.org/team/30175/16361,PacWest,2023,16361,2
Ill. Springfield,30050,http://stats.ncaa.org/team/30050/16361,GLVC,2023,16361,2
Indiana (PA),307,http://stats.ncaa.org/team/307/16361,PSAC,2023,16361,2
Jefferson,543,http://stats.ncaa.org/team/543/16361,CACC,2023,16361,2
Johnson C. Smith,323,http://stats.ncaa.org/team/323/16361,CIAA,2023,16361,2
Kentucky St.,332,http://stats.ncaa.org/team/332/16361,SIAC,2023,16361,2
King (TN),30051,http://stats.ncaa.org/team/30051/16361,Conference Carolinas,2023,16361,2
Kutztown,339,http://stats.ncaa.org/team/339/16361,PSAC,2023,16361,2
Ky. Wesleyan,333,http://stats.ncaa.org/team/333/16361,G-MAC,2023,16361,2
Lake Erie,2746,http://stats.ncaa.org/team/2746/16361,G-MAC,2023,16361,2
Lander,1167,http://stats.ncaa.org/team/1167/16361,Peach Belt,2023,16361,2
Lane,347,http://stats.ncaa.org/team/347/16361,SIAC,2023,16361,2
Le Moyne,349,http://stats.ncaa.org/team/349/16361,NE10,2023,16361,2
LeMoyne-Owen,350,http://stats.ncaa.org/team/350/16361,SIAC,2023,16361,2
Lee,30013,http://stats.ncaa.org/team/30013/16361,Gulf South,2023,16361,2
Lees-McRae,13302,http://stats.ncaa.org/team/13302/16361,Conference Carolinas,2023,16361,2
Lenoir-Rhyne,1170,http://stats.ncaa.org/team/1170/16361,SAC,2023,16361,2
Lewis,354,http://stats.ncaa.org/team/354/16361,GLVC,2023,16361,2
Limestone,1174,http://stats.ncaa.org/team/1174/16361,SAC,2023,16361,2
Lincoln (MO),356,http://stats.ncaa.org/team/356/16361,Mid-America Intercollegiate,2023,16361,2
Lincoln (PA),357,http://stats.ncaa.org/team/357/16361,CIAA,2023,16361,2
Lincoln Memorial,1176,http://stats.ncaa.org/team/1176/16361,SAC,2023,16361,2
Livingstone,359,http://stats.ncaa.org/team/359/16361,CIAA,2023,16361,2
Lock Haven,360,http://stats.ncaa.org/team/360/16361,PSAC,2023,16361,2
Lubbock Christian,30177,http://stats.ncaa.org/team/30177/16361,Lone Star,2023,16361,2
Lynn,20794,http://stats.ncaa.org/team/20794/16361,Sunshine State,2023,16361,2
MSU Denver,413,http://stats.ncaa.org/team/413/16361,RMAC,2023,16361,2
MSU Moorhead,1240,http://stats.ncaa.org/team/1240/16361,NSIC,2023,16361,2
Malone,30137,http://stats.ncaa.org/team/30137/16361,G-MAC,2023,16361,2
Mansfield,384,http://stats.ncaa.org/team/384/16361,PSAC,2023,16361,2
Mars Hill,1199,http://stats.ncaa.org/team/1199/16361,SAC,2023,16361,2
Mary,30075,http://stats.ncaa.org/team/30075/16361,NSIC,2023,16361,2
Maryville (MO),395,http://stats.ncaa.org/team/395/16361,GLVC,2023,16361,2
McKendree,30138,http://stats.ncaa.org/team/30138/16361,GLVC,2023,16361,2
Mercy,407,http://stats.ncaa.org/team/407/16361,ECC,2023,16361,2
Mercyhurst,408,http://stats.ncaa.org/team/408/16361,PSAC,2023,16361,2
Midwestern St.,1222,http://stats.ncaa.org/team/1222/16361,Lone Star,2023,16361,2
Miles,422,http://stats.ncaa.org/team/422/16361,SIAC,2023,16361,2
Millersville,423,http://stats.ncaa.org/team/423/16361,PSAC,2023,16361,2
Minn. Duluth,427,http://stats.ncaa.org/team/427/16361,NSIC,2023,16361,2
Minn.-Crookston,27854,http://stats.ncaa.org/team/27854/16361,NSIC,2023,16361,2
Minnesota St.,383,http://stats.ncaa.org/team/383/16361,NSIC,2023,16361,2
Minot St.,30125,http://stats.ncaa.org/team/30125/16361,NSIC,2023,16361,2
Mississippi Col.,429,http://stats.ncaa.org/team/429/16361,Gulf South,2023,16361,2
Missouri S&T,435,http://stats.ncaa.org/team/435/16361,GLVC,2023,16361,2
Missouri Western,9013,http://stats.ncaa.org/team/9013/16361,Mid-America Intercollegiate,2023,16361,2
Mo. Southern St.,9012,http://stats.ncaa.org/team/9012/16361,Mid-America Intercollegiate,2023,16361,2
Mo.-St. Louis,436,http://stats.ncaa.org/team/436/16361,GLVC,2023,16361,2
Molloy,437,http://stats.ncaa.org/team/437/16361,ECC,2023,16361,2
Mont. St. Billings,205,http://stats.ncaa.org/team/205/16361,Great Northwest,2023,16361,2
Montevallo,1238,http://stats.ncaa.org/team/1238/16361,Gulf South,2023,16361,2
Mount Olive,1245,http://stats.ncaa.org/team/1245/16361,Conference Carolinas,2023,16361,2
N.M. Highlands,8577,http://stats.ncaa.org/team/8577/16361,RMAC,2023,16361,2
Neb.-Kearney,1156,http://stats.ncaa.org/team/1156/16361,Mid-America Intercollegiate,2023,16361,2
New Haven,470,http://stats.ncaa.org/team/470/16361,NE10,2023,16361,2
Newberry,1257,http://stats.ncaa.org/team/1257/16361,SAC,2023,16361,2
Newman,30054,http://stats.ncaa.org/team/30054/16361,Mid-America Intercollegiate,2023,16361,2
North Georgia,30052,http://stats.ncaa.org/team/30052/16361,Peach Belt,2023,16361,2
North Greenville,9223,http://stats.ncaa.org/team/9223/16361,Conference Carolinas,2023,16361,2
Northeastern St.,12810,http://stats.ncaa.org/team/12810/16361,Mid-America Intercollegiate,2023,16361,2
Northern St.,1266,http://stats.ncaa.org/team/1266/16361,NSIC,2023,16361,2
Northwest Mo. St.,507,http://stats.ncaa.org/team/507/16361,Mid-America Intercollegiate,2023,16361,2
Northwest Nazarene,1274,http://stats.ncaa.org/team/1274/16361,Great Northwest,2023,16361,2
Northwestern Okla.,30178,http://stats.ncaa.org/team/30178/16361,GAC,2023,16361,2
Northwood,510,http://stats.ncaa.org/team/510/16361,G-MAC,2023,16361,2
Notre Dame (OH),30126,http://stats.ncaa.org/team/30126/16361,MEC,2023,16361,2
Nova Southeastern,24639,http://stats.ncaa.org/team/24639/16361,Sunshine State,2023,16361,2
Ohio Dominican,30119,http://stats.ncaa.org/team/30119/16361,G-MAC,2023,16361,2
Okla. Baptist,30202,http://stats.ncaa.org/team/30202/16361,GAC,2023,16361,2
Okla. Christian,30179,http://stats.ncaa.org/team/30179/16361,Lone Star,2023,16361,2
Ouachita Baptist,1289,http://stats.ncaa.org/team/1289/16361,GAC,2023,16361,2
Pace,533,http://stats.ncaa.org/team/533/16361,NE10,2023,16361,2
Palm Beach Atl.,30045,http://stats.ncaa.org/team/30045/16361,Sunshine State,2023,16361,2
Pitt.-Johnstown,546,http://stats.ncaa.org/team/546/16361,PSAC,2023,16361,2
Pittsburg St.,1314,http://stats.ncaa.org/team/1314/16361,Mid-America Intercollegiate,2023,16361,2
Post,1318,http://stats.ncaa.org/team/1318/16361,CACC,2023,16361,2
Purdue Northwest,30222,http://stats.ncaa.org/team/30222/16361,GLIAC,2023,16361,2
Queens (NY),560,http://stats.ncaa.org/team/560/16361,ECC,2023,16361,2
Quincy,561,http://stats.ncaa.org/team/561/16361,GLVC,2023,16361,2
Regis (CO),568,http://stats.ncaa.org/team/568/16361,RMAC,2023,16361,2
Rockhurst,1328,http://stats.ncaa.org/team/1328/16361,GLVC,2023,16361,2
Rogers St.,30180,http://stats.ncaa.org/team/30180/16361,Mid-America Intercollegiate,2023,16361,2
Rollins,584,http://stats.ncaa.org/team/584/16361,Sunshine State,2023,16361,2
Saginaw Valley,591,http://stats.ncaa.org/team/591/16361,GLIAC,2023,16361,2
Saint Augustine's,594,http://stats.ncaa.org/team/594/16361,CIAA,2023,16361,2
Saint Leo,608,http://stats.ncaa.org/team/608/16361,Sunshine State,2023,16361,2
Saint Martin's,1343,http://stats.ncaa.org/team/1343/16361,Great Northwest,2023,16361,2
Saint Michael's,613,http://stats.ncaa.org/team/613/16361,NE10,2023,16361,2
Saint Rose,1347,http://stats.ncaa.org/team/1347/16361,NE10,2023,16361,2
Salem (WV),19117,http://stats.ncaa.org/team/19117/16361,DII Independent,2023,16361,2
San Fran. St.,628,http://stats.ncaa.org/team/628/16361,CCAA,2023,16361,2
Savannah St.,632,http://stats.ncaa.org/team/632/16361,SIAC,2023,16361,2
Seton Hill,30063,http://stats.ncaa.org/team/30063/16361,PSAC,2023,16361,2
Shaw,636,http://stats.ncaa.org/team/636/16361,CIAA,2023,16361,2
Shepherd,10870,http://stats.ncaa.org/team/10870/16361,PSAC,2023,16361,2
Shippensburg,638,http://stats.ncaa.org/team/638/16361,PSAC,2023,16361,2
Shorter,30151,http://stats.ncaa.org/team/30151/16361,Gulf South,2023,16361,2
Simon Fraser,30127,http://stats.ncaa.org/team/30127/16361,Great Northwest,2023,16361,2
Sioux Falls,30128,http://stats.ncaa.org/team/30128/16361,NSIC,2023,16361,2
Slippery Rock,643,http://stats.ncaa.org/team/643/16361,PSAC,2023,16361,2
Sonoma St.,645,http://stats.ncaa.org/team/645/16361,CCAA,2023,16361,2
Southeastern Okla.,1371,http://stats.ncaa.org/team/1371/16361,GAC,2023,16361,2
Southern Ark.,1376,http://stats.ncaa.org/team/1376/16361,GAC,2023,16361,2
Southern Conn. St.,658,http://stats.ncaa.org/team/658/16361,NE10,2023,16361,2
Southern N.H.,468,http://stats.ncaa.org/team/468/16361,NE10,2023,16361,2
Southern Nazarene,30152,http://stats.ncaa.org/team/30152/16361,GAC,2023,16361,2
Southern Wesleyan,30192,http://stats.ncaa.org/team/30192/16361,Conference Carolinas,2023,16361,2
Southwest Baptist,2755,http://stats.ncaa.org/team/2755/16361,GLVC,2023,16361,2
Southwest Minn. St.,8736,http://stats.ncaa.org/team/8736/16361,NSIC,2023,16361,2
Southwestern Okla.,8744,http://stats.ncaa.org/team/8744/16361,GAC,2023,16361,2
Spring Hill,30191,http://stats.ncaa.org/team/30191/16361,SIAC,2023,16361,2
St. Anselm,593,http://stats.ncaa.org/team/593/16361,NE10,2023,16361,2
St. Cloud St.,598,http://stats.ncaa.org/team/598/16361,NSIC,2023,16361,2
St. Edward's,1334,http://stats.ncaa.org/team/1334/16361,Lone Star,2023,16361,2
St. Mary's (TX),1346,http://stats.ncaa.org/team/1346/16361,Lone Star,2023,16361,2
St. Thomas Aquinas,1348,http://stats.ncaa.org/team/1348/16361,ECC,2023,16361,2
Stanislaus St.,103,http://stats.ncaa.org/team/103/16361,CCAA,2023,16361,2
Staten Island,675,http://stats.ncaa.org/team/675/16361,ECC,2023,16361,2
Tampa,689,http://stats.ncaa.org/team/689/16361,Sunshine State,2023,16361,2
Tex. A&M Int'l,30090,http://stats.ncaa.org/team/30090/16361,Lone Star,2023,16361,2
Tex. A&M-Kingsville,696,http://stats.ncaa.org/team/696/16361,Lone Star,2023,16361,2
Tex. Permian Basin,30088,http://stats.ncaa.org/team/30088/16361,Lone Star,2023,16361,2
Texas Woman's,701,http://stats.ncaa.org/team/701/16361,Lone Star,2023,16361,2
Tiffin,1403,http://stats.ncaa.org/team/1403/16361,G-MAC,2023,16361,2
Trevecca Nazarene,30002,http://stats.ncaa.org/team/30002/16361,G-MAC,2023,16361,2
Truman St.,499,http://stats.ncaa.org/team/499/16361,GLVC,2023,16361,2
Tusculum,12830,http://stats.ncaa.org/team/12830/16361,SAC,2023,16361,2
Tuskegee,720,http://stats.ncaa.org/team/720/16361,SIAC,2023,16361,2
UC-Colo. Springs,9754,http://stats.ncaa.org/team/9754/16361,RMAC,2023,16361,2
UIndy,309,http://stats.ncaa.org/team/309/16361,GLVC,2023,16361,2
UNC Pembroke,537,http://stats.ncaa.org/team/537/16361,Conference Carolinas,2023,16361,2
USC Aiken,11276,http://stats.ncaa.org/team/11276/16361,Peach Belt,2023,16361,2
USC Beaufort,30259,http://stats.ncaa.org/team/30259/16361,Peach Belt,2023,16361,2
UT Tyler,30028,http://stats.ncaa.org/team/30028/16361,Lone Star,2023,16361,2
UVA Wise,30181,http://stats.ncaa.org/team/30181/16361,SAC,2023,16361,2
Union (TN),30153,http://stats.ncaa.org/team/30153/16361,Gulf South,2023,16361,2
Upper Iowa,728,http://stats.ncaa.org/team/728/16361,NSIC,2023,16361,2
Ursuline,30140,http://stats.ncaa.org/team/30140/16361,G-MAC,2023,16361,2
Valdosta St.,734,http://stats.ncaa.org/team/734/16361,Gulf South,2023,16361,2
Virginia St.,743,http://stats.ncaa.org/team/743/16361,CIAA,2023,16361,2
Virginia Union,744,http://stats.ncaa.org/team/744/16361,CIAA,2023,16361,2
Walsh,30141,http://stats.ncaa.org/team/30141/16361,G-MAC,2023,16361,2
Washburn,2814,http://stats.ncaa.org/team/2814/16361,Mid-America Intercollegiate,2023,16361,2
Wayne St. (MI),757,http://stats.ncaa.org/team/757/16361,GLIAC,2023,16361,2
Wayne St. (NE),1433,http://stats.ncaa.org/team/1433/16361,NSIC,2023,16361,2
West Ala.,358,http://stats.ncaa.org/team/358/16361,Gulf South,2023,16361,2
West Chester,765,http://stats.ncaa.org/team/765/16361,PSAC,2023,16361,2
West Florida,11740,http://stats.ncaa.org/team/11740/16361,Gulf South,2023,16361,2
West Ga.,766,http://stats.ncaa.org/team/766/16361,Gulf South,2023,16361,2
West Liberty,1438,http://stats.ncaa.org/team/1438/16361,MEC,2023,16361,2
West Tex. A&M,767,http://stats.ncaa.org/team/767/16361,Lone Star,2023,16361,2
West Va. Wesleyan,9630,http://stats.ncaa.org/team/9630/16361,MEC,2023,16361,2
West Virginia St.,1439,http://stats.ncaa.org/team/1439/16361,MEC,2023,16361,2
Western N.M.,1445,http://stats.ncaa.org/team/1445/16361,Lone Star,2023,16361,2
Western Ore.,1446,http://stats.ncaa.org/team/1446/16361,Great Northwest,2023,16361,2
Western Wash.,1448,http://stats.ncaa.org/team/1448/16361,Great Northwest,2023,16361,2
Wheeling,12799,http://stats.ncaa.org/team/12799/16361,MEC,2023,16361,2
William Jewell,30120,http://stats.ncaa.org/team/30120/16361,GLVC,2023,16361,2
Wilmington (DE),1460,http://stats.ncaa.org/team/1460/16361,CACC,2023,16361,2
Wingate,1462,http://stats.ncaa.org/team/1462/16361,SAC,2023,16361,2
Winona St.,790,http://stats.ncaa.org/team/790/16361,NSIC,2023,16361,2
Winston-Salem,791,http://stats.ncaa.org/team/791/16361,CIAA,2023,16361,2
Wis.-Parkside,799,http://stats.ncaa.org/team/799/16361,GLIAC,2023,16361,2
Young Harris,30154,http://stats.ncaa.org/team/30154/16361,Peach Belt,2023,16361,2
Adrian,4,http://stats.ncaa.org/team/4/16361,Michigan Intercol. Ath. Assn.,2023,16361,3
Agnes Scott,11324,http://stats.ncaa.org/team/11324/16361,USA South,2023,16361,3
Albertus Magnus,2798,http://stats.ncaa.org/team/2798/16361,Great Northeast,2023,16361,3
Albion,15,http://stats.ncaa.org/team/15/16361,Michigan Intercol. Ath. Assn.,2023,16361,3
Albright,16,http://stats.ncaa.org/team/16/16361,MAC Commonwealth,2023,16361,3
Alfred,18,http://stats.ncaa.org/team/18/16361,Empire 8,2023,16361,3
Alfred St.,30170,http://stats.ncaa.org/team/30170/16361,AMCC,2023,16361,3
Allegheny,19,http://stats.ncaa.org/team/19/16361,PAC,2023,16361,3
Alma,21,http://stats.ncaa.org/team/21/16361,Michigan Intercol. Ath. Assn.,2023,16361,3
Alvernia,938,http://stats.ncaa.org/team/938/16361,MAC Commonwealth,2023,16361,3
Alverno,28746,http://stats.ncaa.org/team/28746/16361,NACC,2023,16361,3
Amherst,24,http://stats.ncaa.org/team/24/16361,NESCAC,2023,16361,3
Anderson (IN),939,http://stats.ncaa.org/team/939/16361,HCAC,2023,16361,3
Anna Maria,26,http://stats.ncaa.org/team/26/16361,Great Northeast,2023,16361,3
Arcadia,966,http://stats.ncaa.org/team/966/16361,MAC Freedom,2023,16361,3
Asbury,30243,http://stats.ncaa.org/team/30243/16361,DIII Independent,2023,16361,3
Augsburg,38,http://stats.ncaa.org/team/38/16361,MIAC,2023,16361,3
Augustana (IL),40,http://stats.ncaa.org/team/40/16361,CCIW,2023,16361,3
Aurora,42,http://stats.ncaa.org/team/42/16361,NACC,2023,16361,3
Austin,953,http://stats.ncaa.org/team/953/16361,SCAC,2023,16361,3
Averett,44,http://stats.ncaa.org/team/44/16361,ODAC,2023,16361,3
Babson,45,http://stats.ncaa.org/team/45/16361,NEWMAC,2023,16361,3
Baldwin Wallace,46,http://stats.ncaa.org/team/46/16361,OAC,2023,16361,3
Baruch,58,http://stats.ncaa.org/team/58/16361,CUNYAC,2023,16361,3
Bates,50,http://stats.ncaa.org/team/50/16361,NESCAC,2023,16361,3
Belhaven,30197,http://stats.ncaa.org/team/30197/16361,USA South,2023,16361,3
Beloit,53,http://stats.ncaa.org/team/53/16361,MWC,2023,16361,3
Benedictine (IL),296,http://stats.ncaa.org/team/296/16361,NACC,2023,16361,3
Berea,30171,http://stats.ncaa.org/team/30171/16361,USA South,2023,16361,3
Berry,973,http://stats.ncaa.org/team/973/16361,SAA,2023,16361,3
Bethany (WV),59,http://stats.ncaa.org/team/59/16361,PAC,2023,16361,3
Bethany Lutheran,30038,http://stats.ncaa.org/team/30038/16361,UMAC,2023,16361,3
Bethel (MN),60,http://stats.ncaa.org/team/60/16361,MIAC,2023,16361,3
Birmingham-So.,28593,http://stats.ncaa.org/team/28593/16361,SAA,2023,16361,3
Blackburn,64,http://stats.ncaa.org/team/64/16361,SLIAC,2023,16361,3
Bluffton,987,http://stats.ncaa.org/team/987/16361,HCAC,2023,16361,3
Bowdoin,69,http://stats.ncaa.org/team/69/16361,NESCAC,2023,16361,3
Brandeis,73,http://stats.ncaa.org/team/73/16361,UAA,2023,16361,3
Brevard,30094,http://stats.ncaa.org/team/30094/16361,USA South,2023,16361,3
Bridgewater (VA),75,http://stats.ncaa.org/team/75/16361,ODAC,2023,16361,3
Bridgewater St.,76,http://stats.ncaa.org/team/76/16361,MASCAC,2023,16361,3
Brooklyn,79,http://stats.ncaa.org/team/79/16361,CUNYAC,2023,16361,3
Buena Vista,84,http://stats.ncaa.org/team/84/16361,American Rivers,2023,16361,3
Buffalo St.,85,http://stats.ncaa.org/team/85/16361,SUNYAC,2023,16361,3
CMSV,451,http://stats.ncaa.org/team/451/16361,Skyline,2023,16361,3
CWRU,122,http://stats.ncaa.org/team/122/16361,UAA,2023,16361,3
Cabrini,88,http://stats.ncaa.org/team/88/16361,Atlantic East,2023,16361,3
Cairn,1305,http://stats.ncaa.org/team/1305/16361,CSAC,2023,16361,3
Cal Lutheran,105,http://stats.ncaa.org/team/105/16361,SCIAC,2023,16361,3
Calvin,114,http://stats.ncaa.org/team/114/16361,Michigan Intercol. Ath. Assn.,2023,16361,3
Capital,117,http://stats.ncaa.org/team/117/16361,OAC,2023,16361,3
Carleton,118,http://stats.ncaa.org/team/118/16361,MIAC,2023,16361,3
Carnegie Mellon,119,http://stats.ncaa.org/team/119/16361,UAA,2023,16361,3
Carroll (WI),120,http://stats.ncaa.org/team/120/16361,CCIW,2023,16361,3
Carthage,121,http://stats.ncaa.org/team/121/16361,CCIW,2023,16361,3
Castleton,123,http://stats.ncaa.org/team/123/16361,Little East,2023,16361,3
Catholic,124,http://stats.ncaa.org/team/124/16361,Landmark,2023,16361,3
Cazenovia,23624,http://stats.ncaa.org/team/23624/16361,North Atlantic,2023,16361,3
Cedar Crest,14795,http://stats.ncaa.org/team/14795/16361,CSAC,2023,16361,3
Centenary (LA),125,http://stats.ncaa.org/team/125/16361,SCAC,2023,16361,3
Centenary (NJ),12884,http://stats.ncaa.org/team/12884/16361,Atlantic East,2023,16361,3
Central (IA),126,http://stats.ncaa.org/team/126/16361,American Rivers,2023,16361,3
Centre,132,http://stats.ncaa.org/team/132/16361,SAA,2023,16361,3
Chapman,134,http://stats.ncaa.org/team/134/16361,SCIAC,2023,16361,3
Chatham,10972,http://stats.ncaa.org/team/10972/16361,PAC,2023,16361,3
Chris. Newport,139,http://stats.ncaa.org/team/139/16361,C2C,2023,16361,3
Claremont-M-S,142,http://stats.ncaa.org/team/142/16361,SCIAC,2023,16361,3
Clark (MA),145,http://stats.ncaa.org/team/145/16361,NEWMAC,2023,16361,3
Clarks Summit,958,http://stats.ncaa.org/team/958/16361,CSAC,2023,16361,3
Clarkson,146,http://stats.ncaa.org/team/146/16361,Liberty League,2023,16361,3
Coast Guard,722,http://stats.ncaa.org/team/722/16361,NEWMAC,2023,16361,3
Cobleskill St.,30083,http://stats.ncaa.org/team/30083/16361,North Atlantic,2023,16361,3
Coe,150,http://stats.ncaa.org/team/150/16361,American Rivers,2023,16361,3
Colby,151,http://stats.ncaa.org/team/151/16361,NESCAC,2023,16361,3
Concordia (TX),24400,http://stats.ncaa.org/team/24400/16361,ASC,2023,16361,3
Concordia Chicago,160,http://stats.ncaa.org/team/160/16361,NACC,2023,16361,3
Concordia Wisconsin,1036,http://stats.ncaa.org/team/1036/16361,NACC,2023,16361,3
Concordia-M'head,161,http://stats.ncaa.org/team/161/16361,MIAC,2023,16361,3
Cornell College,166,http://stats.ncaa.org/team/166/16361,MWC,2023,16361,3
Cortland,168,http://stats.ncaa.org/team/168/16361,SUNYAC,2023,16361,3
Covenant,30111,http://stats.ncaa.org/team/30111/16361,USA South,2023,16361,3
Crown (MN),30035,http://stats.ncaa.org/team/30035/16361,UMAC,2023,16361,3
Curry,170,http://stats.ncaa.org/team/170/16361,CCC,2023,16361,3
Dallas,1044,http://stats.ncaa.org/team/1044/16361,SCAC,2023,16361,3
DePauw,177,http://stats.ncaa.org/team/177/16361,NCAC,2023,16361,3
DeSales,20,http://stats.ncaa.org/team/20/16361,MAC Freedom,2023,16361,3
Dean,30219,http://stats.ncaa.org/team/30219/16361,Great Northeast,2023,16361,3
Defiance,1050,http://stats.ncaa.org/team/1050/16361,HCAC,2023,16361,3
Delaware Valley,179,http://stats.ncaa.org/team/179/16361,MAC Freedom,2023,16361,3
Denison,182,http://stats.ncaa.org/team/182/16361,NCAC,2023,16361,3
Dickinson,185,http://stats.ncaa.org/team/185/16361,Centennial,2023,16361,3
Dominican (IL),1332,http://stats.ncaa.org/team/1332/16361,NACC,2023,16361,3
Drew,190,http://stats.ncaa.org/team/190/16361,Landmark,2023,16361,3
Dubuque,192,http://stats.ncaa.org/team/192/16361,American Rivers,2023,16361,3
East Tex. Baptist,1062,http://stats.ncaa.org/team/1062/16361,ASC,2023,16361,3
East. Mennonite,203,http://stats.ncaa.org/team/203/16361,ODAC,2023,16361,3
Eastern,8968,http://stats.ncaa.org/team/8968/16361,MAC Commonwealth,2023,16361,3
Eastern Conn. St.,200,http://stats.ncaa.org/team/200/16361,Little East,2023,16361,3
Eastern Nazarene,1064,http://stats.ncaa.org/team/1064/16361,NECC,2023,16361,3
Edgewood,1066,http://stats.ncaa.org/team/1066/16361,NACC,2023,16361,3
Elizabethtown,211,http://stats.ncaa.org/team/211/16361,Landmark,2023,16361,3
Elmhurst,212,http://stats.ncaa.org/team/212/16361,CCIW,2023,16361,3
Elmira,213,http://stats.ncaa.org/team/213/16361,Empire 8,2023,16361,3
Elms,532,http://stats.ncaa.org/team/532/16361,Great Northeast,2023,16361,3
Emerson,214,http://stats.ncaa.org/team/214/16361,NEWMAC,2023,16361,3
Emmanuel (MA),215,http://stats.ncaa.org/team/215/16361,Great Northeast,2023,16361,3
Emory,217,http://stats.ncaa.org/team/217/16361,UAA,2023,16361,3
Endicott,8981,http://stats.ncaa.org/team/8981/16361,CCC,2023,16361,3
Eureka,218,http://stats.ncaa.org/team/218/16361,SLIAC,2023,16361,3
FDU-Florham,221,http://stats.ncaa.org/team/221/16361,MAC Freedom,2023,16361,3
Farmingdale St.,27892,http://stats.ncaa.org/team/27892/16361,Skyline,2023,16361,3
Ferrum,225,http://stats.ncaa.org/team/225/16361,ODAC,2023,16361,3
Finlandia,30032,http://stats.ncaa.org/team/30032/16361,C2C,2023,16361,3
Fitchburg St.,227,http://stats.ncaa.org/team/227/16361,MASCAC,2023,16361,3
Fontbonne,11538,http://stats.ncaa.org/team/11538/16361,SLIAC,2023,16361,3
Framingham St.,238,http://stats.ncaa.org/team/238/16361,MASCAC,2023,16361,3
Franciscan,30069,http://stats.ncaa.org/team/30069/16361,PAC,2023,16361,3
Franklin,2694,http://stats.ncaa.org/team/2694/16361,HCAC,2023,16361,3
Franklin & Marshall,239,http://stats.ncaa.org/team/239/16361,Centennial,2023,16361,3
Fredonia,242,http://stats.ncaa.org/team/242/16361,SUNYAC,2023,16361,3
Gallaudet,245,http://stats.ncaa.org/team/245/16361,United East,2023,16361,3
Geneva,30084,http://stats.ncaa.org/team/30084/16361,PAC,2023,16361,3
George Fox,1094,http://stats.ncaa.org/team/1094/16361,NWC,2023,16361,3
Gettysburg,258,http://stats.ncaa.org/team/258/16361,Centennial,2023,16361,3
Gordon,1099,http://stats.ncaa.org/team/1099/16361,CCC,2023,16361,3
Greensboro,263,http://stats.ncaa.org/team/263/16361,USA South,2023,16361,3
Greenville,1111,http://stats.ncaa.org/team/1111/16361,SLIAC,2023,16361,3
Grinnell,264,http://stats.ncaa.org/team/264/16361,MWC,2023,16361,3
Grove City,265,http://stats.ncaa.org/team/265/16361,PAC,2023,16361,3
Guilford,1112,http://stats.ncaa.org/team/1112/16361,ODAC,2023,16361,3
Gust. Adolphus,266,http://stats.ncaa.org/team/266/16361,MIAC,2023,16361,3
Gwynedd Mercy,12399,http://stats.ncaa.org/team/12399/16361,Atlantic East,2023,16361,3
Hamilton,267,http://stats.ncaa.org/team/267/16361,NESCAC,2023,16361,3
Hamline,268,http://stats.ncaa.org/team/268/16361,MIAC,2023,16361,3
Hanover,1115,http://stats.ncaa.org/team/1115/16361,HCAC,2023,16361,3
Hardin-Simmons,271,http://stats.ncaa.org/team/271/16361,ASC,2023,16361,3
Haverford,276,http://stats.ncaa.org/team/276/16361,Centennial,2023,16361,3
Heidelberg,278,http://stats.ncaa.org/team/278/16361,OAC,2023,16361,3
Hendrix,1124,http://stats.ncaa.org/team/1124/16361,SAA,2023,16361,3
Hilbert,8398,http://stats.ncaa.org/team/8398/16361,AMCC,2023,16361,3
Hiram,281,http://stats.ncaa.org/team/281/16361,NCAC,2023,16361,3
Hood,8404,http://stats.ncaa.org/team/8404/16361,MAC Commonwealth,2023,16361,3
Hope,286,http://stats.ncaa.org/team/286/16361,Michigan Intercol. Ath. Assn.,2023,16361,3
Houghton,30160,http://stats.ncaa.org/team/30160/16361,Empire 8,2023,16361,3
Howard Payne,2741,http://stats.ncaa.org/team/2741/16361,ASC,2023,16361,3
Hunter,292,http://stats.ncaa.org/team/292/16361,CUNYAC,2023,16361,3
Huntingdon,1130,http://stats.ncaa.org/team/1130/16361,USA South,2023,16361,3
Husson,1133,http://stats.ncaa.org/team/1133/16361,North Atlantic,2023,16361,3
Ill. Wesleyan,300,http://stats.ncaa.org/team/300/16361,CCIW,2023,16361,3
Illinois Col.,297,http://stats.ncaa.org/team/297/16361,MWC,2023,16361,3
Immaculata,303,http://stats.ncaa.org/team/303/16361,Atlantic East,2023,16361,3
Ithaca,313,http://stats.ncaa.org/team/313/16361,Liberty League,2023,16361,3
JWU (Providence),22626,http://stats.ncaa.org/team/22626/16361,Great Northeast,2023,16361,3
John Carroll,320,http://stats.ncaa.org/team/320/16361,OAC,2023,16361,3
John Jay,321,http://stats.ncaa.org/team/321/16361,CUNYAC,2023,16361,3
Juniata,325,http://stats.ncaa.org/team/325/16361,Landmark,2023,16361,3
Kalamazoo,326,http://stats.ncaa.org/team/326/16361,Michigan Intercol. Ath. Assn.,2023,16361,3
Kean,329,http://stats.ncaa.org/team/329/16361,NJAC,2023,16361,3
Keene St.,330,http://stats.ncaa.org/team/330/16361,Little East,2023,16361,3
Kenyon,335,http://stats.ncaa.org/team/335/16361,NCAC,2023,16361,3
Keuka,1159,http://stats.ncaa.org/team/1159/16361,Empire 8,2023,16361,3
Keystone,30047,http://stats.ncaa.org/team/30047/16361,CSAC,2023,16361,3
King's (PA),336,http://stats.ncaa.org/team/336/16361,MAC Freedom,2023,16361,3
Knox,337,http://stats.ncaa.org/team/337/16361,MWC,2023,16361,3
La Roche,1163,http://stats.ncaa.org/team/1163/16361,AMCC,2023,16361,3
La Verne,341,http://stats.ncaa.org/team/341/16361,SCIAC,2023,16361,3
LaGrange,1162,http://stats.ncaa.org/team/1162/16361,USA South,2023,16361,3
Lake Forest,344,http://stats.ncaa.org/team/344/16361,MWC,2023,16361,3
Lakeland,1164,http://stats.ncaa.org/team/1164/16361,NACC,2023,16361,3
Lancaster Bible,30085,http://stats.ncaa.org/team/30085/16361,United East,2023,16361,3
Lasell,8486,http://stats.ncaa.org/team/8486/16361,Great Northeast,2023,16361,3
Lawrence,348,http://stats.ncaa.org/team/348/16361,MWC,2023,16361,3
LeTourneau,8490,http://stats.ncaa.org/team/8490/16361,ASC,2023,16361,3
Lebanon Valley,351,http://stats.ncaa.org/team/351/16361,MAC Commonwealth,2023,16361,3
Lehman,279,http://stats.ncaa.org/team/279/16361,CUNYAC,2023,16361,3
Lesley,24317,http://stats.ncaa.org/team/24317/16361,NECC,2023,16361,3
Lewis & Clark,22235,http://stats.ncaa.org/team/22235/16361,NWC,2023,16361,3
Linfield,1179,http://stats.ncaa.org/team/1179/16361,NWC,2023,16361,3
Loras,364,http://stats.ncaa.org/team/364/16361,American Rivers,2023,16361,3
Luther,372,http://stats.ncaa.org/team/372/16361,American Rivers,2023,16361,3
Lycoming,373,http://stats.ncaa.org/team/373/16361,MAC Freedom,2023,16361,3
Lynchburg,374,http://stats.ncaa.org/team/374/16361,ODAC,2023,16361,3
MCLA,486,http://stats.ncaa.org/team/486/16361,MASCAC,2023,16361,3
MIT,398,http://stats.ncaa.org/team/398/16361,NEWMAC,2023,16361,3
MSOE,20220,http://stats.ncaa.org/team/20220/16361,NACC,2023,16361,3
Macalester,376,http://stats.ncaa.org/team/376/16361,MIAC,2023,16361,3
Manchester,1192,http://stats.ncaa.org/team/1192/16361,HCAC,2023,16361,3
Manhattanville,382,http://stats.ncaa.org/team/382/16361,Skyline,2023,16361,3
Maranatha Baptist,1194,http://stats.ncaa.org/team/1194/16361,DIII Independent,2023,16361,3
Marian (WI),1196,http://stats.ncaa.org/team/1196/16361,NACC,2023,16361,3
Marietta,385,http://stats.ncaa.org/team/385/16361,OAC,2023,16361,3
Martin Luther,8597,http://stats.ncaa.org/team/8597/16361,UMAC,2023,16361,3
Mary Baldwin,389,http://stats.ncaa.org/team/389/16361,USA South,2023,16361,3
Mary Hardin-Baylor,1203,http://stats.ncaa.org/team/1203/16361,ASC,2023,16361,3
Mary Washington,390,http://stats.ncaa.org/team/390/16361,C2C,2023,16361,3
Marymount (VA),394,http://stats.ncaa.org/team/394/16361,Atlantic East,2023,16361,3
Maryville (TN),396,http://stats.ncaa.org/team/396/16361,USA South,2023,16361,3
Marywood,397,http://stats.ncaa.org/team/397/16361,Atlantic East,2023,16361,3
Mass. Maritime,399,http://stats.ncaa.org/team/399/16361,MASCAC,2023,16361,3
McDaniel,773,http://stats.ncaa.org/team/773/16361,Centennial,2023,16361,3
McMurry,8530,http://stats.ncaa.org/team/8530/16361,ASC,2023,16361,3
Me.-Farmington,379,http://stats.ncaa.org/team/379/16361,North Atlantic,2023,16361,3
Me.-Presque Isle,30040,http://stats.ncaa.org/team/30040/16361,North Atlantic,2023,16361,3
Medaille,23725,http://stats.ncaa.org/team/23725/16361,Empire 8,2023,16361,3
Meredith,409,http://stats.ncaa.org/team/409/16361,USA South,2023,16361,3
Messiah,411,http://stats.ncaa.org/team/411/16361,MAC Commonwealth,2023,16361,3
Methodist,412,http://stats.ncaa.org/team/412/16361,USA South,2023,16361,3
Middlebury,420,http://stats.ncaa.org/team/420/16361,NESCAC,2023,16361,3
Millikin,424,http://stats.ncaa.org/team/424/16361,CCIW,2023,16361,3
Millsaps,426,http://stats.ncaa.org/team/426/16361,SAA,2023,16361,3
Minn.-Morris,1226,http://stats.ncaa.org/team/1226/16361,UMAC,2023,16361,3
Misericordia,16142,http://stats.ncaa.org/team/16142/16361,MAC Freedom,2023,16361,3
Mitchell,30042,http://stats.ncaa.org/team/30042/16361,NECC,2023,16361,3
Monmouth (IL),438,http://stats.ncaa.org/team/438/16361,MWC,2023,16361,3
Montclair St.,442,http://stats.ncaa.org/team/442/16361,NJAC,2023,16361,3
Moravian,443,http://stats.ncaa.org/team/443/16361,Landmark,2023,16361,3
Mount Aloysius,30036,http://stats.ncaa.org/team/30036/16361,AMCC,2023,16361,3
Mount Mary,30033,http://stats.ncaa.org/team/30033/16361,C2C,2023,16361,3
Mount Union,452,http://stats.ncaa.org/team/452/16361,OAC,2023,16361,3
Mt. St. Joseph,8567,http://stats.ncaa.org/team/8567/16361,HCAC,2023,16361,3
Mt. St. Mary (NY),1468,http://stats.ncaa.org/team/1468/16361,Skyline,2023,16361,3
Muhlenberg,453,http://stats.ncaa.org/team/453/16361,Centennial,2023,16361,3
Muskingum,455,http://stats.ncaa.org/team/455/16361,OAC,2023,16361,3
N.C. Wesleyan,491,http://stats.ncaa.org/team/491/16361,USA South,2023,16361,3
NVU-Johnson,324,http://stats.ncaa.org/team/324/16361,North Atlantic,2023,16361,3
NVU-Lyndon,30065,http://stats.ncaa.org/team/30065/16361,North Atlantic,2023,16361,3
NYU,479,http://stats.ncaa.org/team/479/16361,UAA,2023,16361,3
Nazareth,461,http://stats.ncaa.org/team/461/16361,Empire 8,2023,16361,3
Neb. Wesleyan,462,http://stats.ncaa.org/team/462/16361,American Rivers,2023,16361,3
Neumann,1254,http://stats.ncaa.org/team/1254/16361,Atlantic East,2023,16361,3
New England Col.,467,http://stats.ncaa.org/team/467/16361,NECC,2023,16361,3
New Jersey City,319,http://stats.ncaa.org/team/319/16361,NJAC,2023,16361,3
Nichols,484,http://stats.ncaa.org/team/484/16361,CCC,2023,16361,3
North Central (IL),492,http://stats.ncaa.org/team/492/16361,CCIW,2023,16361,3
North Central (MN),30039,http://stats.ncaa.org/team/30039/16361,UMAC,2023,16361,3
North Park,496,http://stats.ncaa.org/team/496/16361,CCIW,2023,16361,3
Northland,1267,http://stats.ncaa.org/team/1267/16361,UMAC,2023,16361,3
Northwestern-St. Paul,30031,http://stats.ncaa.org/team/30031/16361,UMAC,2023,16361,3
Norwich,511,http://stats.ncaa.org/team/511/16361,Great Northeast,2023,16361,3
Notre Dame (MD),8600,http://stats.ncaa.org/team/8600/16361,CSAC,2023,16361,3
Oberlin,515,http://stats.ncaa.org/team/515/16361,NCAC,2023,16361,3
Occidental,516,http://stats.ncaa.org/team/516/16361,SCIAC,2023,16361,3
Ohio Northern,517,http://stats.ncaa.org/team/517/16361,OAC,2023,16361,3
Ohio Wesleyan,520,http://stats.ncaa.org/team/520/16361,NCAC,2023,16361,3
Old Westbury,524,http://stats.ncaa.org/team/524/16361,Skyline,2023,16361,3
Olivet,525,http://stats.ncaa.org/team/525/16361,Michigan Intercol. Ath. Assn.,2023,16361,3
Oswego St.,530,http://stats.ncaa.org/team/530/16361,SUNYAC,2023,16361,3
Otterbein,531,http://stats.ncaa.org/team/531/16361,OAC,2023,16361,3
Ozarks (AR),23008,http://stats.ncaa.org/team/23008/16361,ASC,2023,16361,3
Pacific (OR),2751,http://stats.ncaa.org/team/2751/16361,NWC,2023,16361,3
Pacific Lutheran,1297,http://stats.ncaa.org/team/1297/16361,NWC,2023,16361,3
Penn College,30190,http://stats.ncaa.org/team/30190/16361,United East,2023,16361,3
Penn St. Harrisburg,30081,http://stats.ncaa.org/team/30081/16361,United East,2023,16361,3
Penn St.-Abington,30114,http://stats.ncaa.org/team/30114/16361,United East,2023,16361,3
Penn St.-Altoona,25719,http://stats.ncaa.org/team/25719/16361,AMCC,2023,16361,3
Penn St.-Behrend,538,http://stats.ncaa.org/team/538/16361,AMCC,2023,16361,3
Penn St.-Berks,30044,http://stats.ncaa.org/team/30044/16361,United East,2023,16361,3
Pfeiffer,542,http://stats.ncaa.org/team/542/16361,USA South,2023,16361,3
Piedmont,21830,http://stats.ncaa.org/team/21830/16361,USA South,2023,16361,3
Pitt.-Bradford,1315,http://stats.ncaa.org/team/1315/16361,AMCC,2023,16361,3
Pitt.-Greensburg,11839,http://stats.ncaa.org/team/11839/16361,AMCC,2023,16361,3
Plattsburgh St.,547,http://stats.ncaa.org/team/547/16361,SUNYAC,2023,16361,3
Plymouth St.,548,http://stats.ncaa.org/team/548/16361,Little East,2023,16361,3
Pomona-Pitzer,549,http://stats.ncaa.org/team/549/16361,SCIAC,2023,16361,3
Puget Sound,557,http://stats.ncaa.org/team/557/16361,NWC,2023,16361,3
RIT,580,http://stats.ncaa.org/team/580/16361,Liberty League,2023,16361,3
Ramapo,564,http://stats.ncaa.org/team/564/16361,NJAC,2023,16361,3
Randolph,566,http://stats.ncaa.org/team/566/16361,ODAC,2023,16361,3
Randolph-Macon,565,http://stats.ncaa.org/team/565/16361,ODAC,2023,16361,3
Redlands,567,http://stats.ncaa.org/team/567/16361,SCIAC,2023,16361,3
Regis (MA),569,http://stats.ncaa.org/team/569/16361,Great Northeast,2023,16361,3
Rensselaer,570,http://stats.ncaa.org/team/570/16361,Liberty League,2023,16361,3
Rhode Island Col.,571,http://stats.ncaa.org/team/571/16361,Little East,2023,16361,3
Rhodes,573,http://stats.ncaa.org/team/573/16361,SAA,2023,16361,3
Ripon,577,http://stats.ncaa.org/team/577/16361,MWC,2023,16361,3
Rivier,18422,http://stats.ncaa.org/team/18422/16361,Great Northeast,2023,16361,3
Roanoke,578,http://stats.ncaa.org/team/578/16361,ODAC,2023,16361,3
Rochester (NY),581,http://stats.ncaa.org/team/581/16361,Liberty League,2023,16361,3
Rockford,582,http://stats.ncaa.org/team/582/16361,NACC,2023,16361,3
Roger Williams,583,http://stats.ncaa.org/team/583/16361,CCC,2023,16361,3
Rose-Hulman,585,http://stats.ncaa.org/team/585/16361,HCAC,2023,16361,3
Rosemont,15882,http://stats.ncaa.org/team/15882/16361,CSAC,2023,16361,3
Rowan,259,http://stats.ncaa.org/team/259/16361,NJAC,2023,16361,3
Russell Sage,11036,http://stats.ncaa.org/team/11036/16361,Empire 8,2023,16361,3
Rutgers-Camden,588,http://stats.ncaa.org/team/588/16361,NJAC,2023,16361,3
Rutgers-Newark,589,http://stats.ncaa.org/team/589/16361,NJAC,2023,16361,3
SUNY Brockport,78,http://stats.ncaa.org/team/78/16361,SUNYAC,2023,16361,3
SUNY Canton,30165,http://stats.ncaa.org/team/30165/16361,North Atlantic,2023,16361,3
SUNY Delhi,30225,http://stats.ncaa.org/team/30225/16361,North Atlantic,2023,16361,3
SUNY Geneseo,247,http://stats.ncaa.org/team/247/16361,SUNYAC,2023,16361,3
SUNY New Paltz,475,http://stats.ncaa.org/team/475/16361,SUNYAC,2023,16361,3
SUNY Oneonta,526,http://stats.ncaa.org/team/526/16361,SUNYAC,2023,16361,3
SUNY Poly,9500,http://stats.ncaa.org/team/9500/16361,North Atlantic,2023,16361,3
SUNY Potsdam,552,http://stats.ncaa.org/team/552/16361,SUNYAC,2023,16361,3
Saint Benedict,595,http://stats.ncaa.org/team/595/16361,MIAC,2023,16361,3
Saint Elizabeth,9684,http://stats.ncaa.org/team/9684/16361,CSAC,2023,16361,3
Saint Joseph (CT),8687,http://stats.ncaa.org/team/8687/16361,Great Northeast,2023,16361,3
Saint Mary's (MN),612,http://stats.ncaa.org/team/612/16361,MIAC,2023,16361,3
Saint Vincent,30064,http://stats.ncaa.org/team/30064/16361,PAC,2023,16361,3
Salem (NC),30041,http://stats.ncaa.org/team/30041/16361,USA South,2023,16361,3
Salem St.,621,http://stats.ncaa.org/team/621/16361,MASCAC,2023,16361,3
Salisbury,622,http://stats.ncaa.org/team/622/16361,C2C,2023,16361,3
Salve Regina,623,http://stats.ncaa.org/team/623/16361,CCC,2023,16361,3
Schreiner,1355,http://stats.ncaa.org/team/1355/16361,SCAC,2023,16361,3
Scranton,633,http://stats.ncaa.org/team/633/16361,Landmark,2023,16361,3
Sewanee,652,http://stats.ncaa.org/team/652/16361,SAA,2023,16361,3
Shenandoah,637,http://stats.ncaa.org/team/637/16361,ODAC,2023,16361,3
Simmons,640,http://stats.ncaa.org/team/640/16361,Great Northeast,2023,16361,3
Simpson,641,http://stats.ncaa.org/team/641/16361,American Rivers,2023,16361,3
Skidmore,642,http://stats.ncaa.org/team/642/16361,Liberty League,2023,16361,3
Smith,644,http://stats.ncaa.org/team/644/16361,NEWMAC,2023,16361,3
Southern Me.,662,http://stats.ncaa.org/team/662/16361,Little East,2023,16361,3
Southern Va.,30164,http://stats.ncaa.org/team/30164/16361,USA South,2023,16361,3
Southwestern (TX),8746,http://stats.ncaa.org/team/8746/16361,SCAC,2023,16361,3
Spalding,23260,http://stats.ncaa.org/team/23260/16361,SLIAC,2023,16361,3
Springfield,673,http://stats.ncaa.org/team/673/16361,NEWMAC,2023,16361,3
St. Catherine,597,http://stats.ncaa.org/team/597/16361,MIAC,2023,16361,3
St. John Fisher,601,http://stats.ncaa.org/team/601/16361,Empire 8,2023,16361,3
St. Joseph's (Brkln),30072,http://stats.ncaa.org/team/30072/16361,Skyline,2023,16361,3
St. Joseph's (L.I.),1340,http://stats.ncaa.org/team/1340/16361,Skyline,2023,16361,3
St. Joseph's (ME),605,http://stats.ncaa.org/team/605/16361,Great Northeast,2023,16361,3
St. Lawrence,607,http://stats.ncaa.org/team/607/16361,Liberty League,2023,16361,3
St. Mary's (IN),8688,http://stats.ncaa.org/team/8688/16361,Michigan Intercol. Ath. Assn.,2023,16361,3
St. Norbert,614,http://stats.ncaa.org/team/614/16361,NACC,2023,16361,3
St. Olaf,615,http://stats.ncaa.org/team/615/16361,MIAC,2023,16361,3
St. Scholastica,618,http://stats.ncaa.org/team/618/16361,MIAC,2023,16361,3
St. Thomas (TX),2810,http://stats.ncaa.org/team/2810/16361,SCAC,2023,16361,3
Stevens,679,http://stats.ncaa.org/team/679/16361,MAC Freedom,2023,16361,3
Stevenson,21852,http://stats.ncaa.org/team/21852/16361,MAC Commonwealth,2023,16361,3
Stockton,681,http://stats.ncaa.org/team/681/16361,NJAC,2023,16361,3
Suffolk,684,http://stats.ncaa.org/team/684/16361,CCC,2023,16361,3
Sul Ross St.,1390,http://stats.ncaa.org/team/1390/16361,ASC,2023,16361,3
Susquehanna,685,http://stats.ncaa.org/team/685/16361,Landmark,2023,16361,3
Swarthmore,686,http://stats.ncaa.org/team/686/16361,Centennial,2023,16361,3
Sweet Briar,687,http://stats.ncaa.org/team/687/16361,DIII Independent,2023,16361,3
TCNJ,712,http://stats.ncaa.org/team/712/16361,NJAC,2023,16361,3
Texas Lutheran,1400,http://stats.ncaa.org/team/1400/16361,SCAC,2023,16361,3
Texas-Dallas,23121,http://stats.ncaa.org/team/23121/16361,ASC,2023,16361,3
Thiel,707,http://stats.ncaa.org/team/707/16361,PAC,2023,16361,3
Thomas (ME),2758,http://stats.ncaa.org/team/2758/16361,North Atlantic,2023,16361,3
Transylvania,28749,http://stats.ncaa.org/team/28749/16361,HCAC,2023,16361,3
Trine,30037,http://stats.ncaa.org/team/30037/16361,Michigan Intercol. Ath. Assn.,2023,16361,3
Trinity (CT),713,http://stats.ncaa.org/team/713/16361,NESCAC,2023,16361,3
Trinity (TX),715,http://stats.ncaa.org/team/715/16361,SCAC,2023,16361,3
Tufts,717,http://stats.ncaa.org/team/717/16361,NESCAC,2023,16361,3
U New England,1255,http://stats.ncaa.org/team/1255/16361,CCC,2023,16361,3
UChicago,137,http://stats.ncaa.org/team/137/16361,DIII Independent,2023,16361,3
UMass Boston,401,http://stats.ncaa.org/team/401/16361,Little East,2023,16361,3
UMass Dartmouth,656,http://stats.ncaa.org/team/656/16361,Little East,2023,16361,3
UW-River Falls,801,http://stats.ncaa.org/team/801/16361,WIAC,2023,16361,3
Union (NY),727,http://stats.ncaa.org/team/727/16361,Liberty League,2023,16361,3
Ursinus,730,http://stats.ncaa.org/team/730/16361,Centennial,2023,16361,3
Utica,733,http://stats.ncaa.org/team/733/16361,Empire 8,2023,16361,3
Va. Wesleyan,745,http://stats.ncaa.org/team/745/16361,ODAC,2023,16361,3
Valley Forge,30166,http://stats.ncaa.org/team/30166/16361,CSAC,2023,16361,3
WPI,808,http://stats.ncaa.org/team/808/16361,NEWMAC,2023,16361,3
Wartburg,750,http://stats.ncaa.org/team/750/16361,American Rivers,2023,16361,3
Wash. & Jeff.,751,http://stats.ncaa.org/team/751/16361,PAC,2023,16361,3
WashU,755,http://stats.ncaa.org/team/755/16361,UAA,2023,16361,3
Washington Col.,753,http://stats.ncaa.org/team/753/16361,Centennial,2023,16361,3
Waynesburg,1434,http://stats.ncaa.org/team/1434/16361,PAC,2023,16361,3
Webster,759,http://stats.ncaa.org/team/759/16361,SLIAC,2023,16361,3
Wellesley,760,http://stats.ncaa.org/team/760/16361,NEWMAC,2023,16361,3
Wells,761,http://stats.ncaa.org/team/761/16361,United East,2023,16361,3
Wentworth,762,http://stats.ncaa.org/team/762/16361,CCC,2023,16361,3
Wesleyan (CT),764,http://stats.ncaa.org/team/764/16361,NESCAC,2023,16361,3
Wesleyan (GA),14718,http://stats.ncaa.org/team/14718/16361,USA South,2023,16361,3
WestConn,770,http://stats.ncaa.org/team/770/16361,Little East,2023,16361,3
Western New Eng.,775,http://stats.ncaa.org/team/775/16361,CCC,2023,16361,3
Westfield St.,777,http://stats.ncaa.org/team/777/16361,MASCAC,2023,16361,3
Westminster (MO),1450,http://stats.ncaa.org/team/1450/16361,SLIAC,2023,16361,3
Westminster (PA),1451,http://stats.ncaa.org/team/1451/16361,PAC,2023,16361,3
Wheaton (IL),778,http://stats.ncaa.org/team/778/16361,CCIW,2023,16361,3
Wheaton (MA),779,http://stats.ncaa.org/team/779/16361,NEWMAC,2023,16361,3
Whittier,781,http://stats.ncaa.org/team/781/16361,SCIAC,2023,16361,3
Whitworth,1454,http://stats.ncaa.org/team/1454/16361,NWC,2023,16361,3
Widener,783,http://stats.ncaa.org/team/783/16361,MAC Commonwealth,2023,16361,3
Wilkes,784,http://stats.ncaa.org/team/784/16361,MAC Freedom,2023,16361,3
Willamette,785,http://stats.ncaa.org/team/785/16361,NWC,2023,16361,3
William Peace,17094,http://stats.ncaa.org/team/17094/16361,USA South,2023,16361,3
Williams,789,http://stats.ncaa.org/team/789/16361,NESCAC,2023,16361,3
Wilmington (OH),1461,http://stats.ncaa.org/team/1461/16361,OAC,2023,16361,3
Wilson,12973,http://stats.ncaa.org/team/12973/16361,CSAC,2023,16361,3
Wis. Lutheran,8911,http://stats.ncaa.org/team/8911/16361,NACC,2023,16361,3
Wis.-Eau Claire,793,http://stats.ncaa.org/team/793/16361,WIAC,2023,16361,3
Wis.-La Crosse,795,http://stats.ncaa.org/team/795/16361,WIAC,2023,16361,3
Wis.-Oshkosh,798,http://stats.ncaa.org/team/798/16361,WIAC,2023,16361,3
Wis.-Platteville,800,http://stats.ncaa.org/team/800/16361,WIAC,2023,16361,3
Wis.-Stevens Point,802,http://stats.ncaa.org/team/802/16361,WIAC,2023,16361,3
Wis.-Stout,803,http://stats.ncaa.org/team/803/16361,WIAC,2023,16361,3
Wis.-Superior,804,http://stats.ncaa.org/team/804/16361,UMAC,2023,16361,3
Wis.-Whitewater,805,http://stats.ncaa.org/team/805/16361,WIAC,2023,16361,3
Wittenberg,806,http://stats.ncaa.org/team/806/16361,NCAC,2023,16361,3
Wm. Paterson,787,http://stats.ncaa.org/team/787/16361,NJAC,2023,16361,3
Wooster,807,http://stats.ncaa.org/team/807/16361,NCAC,2023,16361,3
Worcester St.,809,http://stats.ncaa.org/team/809/16361,MASCAC,2023,16361,3
Yeshiva,814,http://stats.ncaa.org/team/814/16361,Skyline,2023,16361,3
York (NY),2730,http://stats.ncaa.org/team/2730/16361,CUNYAC,2023,16361,3
York (PA),815,http://stats.ncaa.org/team/815/16361,MAC Commonwealth,2023,16361,3
